[Data],,,,,,
Lane,Sample_ID,Sample_Name,index,index2,Sample_Project,Original_Sample_ID
1,R24U_Hu_1_CD4_5D_CITE,R24U_Hu_1_CD4_5D_CITE,ACGTTTGATT,TCTCTCAGTA,R24_U,R24U_Hu_1_CD4_5D_CITE
1,R24U_Hu_1_CD4_5D_Gex,R24U_Hu_1_CD4_5D_Gex,ATGGGTGAAA,AATTCCCAAG,R24_U,R24U_Hu_1_CD4_5D_Gex
2,R24U_Hu_1_CD4_5D_TCR,R24U_Hu_1_CD4_5D_TCR,CACAATCCCA,TTGTGGATAT,R24_U,R24U_Hu_1_CD4_5D_TCR
1,R24U_Hu_2A_CD8_5D_CITE,R24U_Hu_2A_CD8_5D_CITE,TGGGTGCACA,ATGATGCATG,R24_U,R24U_Hu_2A_CD8_5D_CITE
1,R24U_Hu_2A_CD8_5D_Gex,R24U_Hu_2A_CD8_5D_Gex,TCGTCAAGAT,CCTGAGTTGC,R24_U,R24U_Hu_2A_CD8_5D_Gex
2,R24U_Hu_2A_CD8_5D_TCR,R24U_Hu_2A_CD8_5D_TCR,TCCGGGACAA,TGGCATTCAC,R24_U,R24U_Hu_2A_CD8_5D_TCR
1,R24U_Hu_2B_CD8_5D_CITE,R24U_Hu_2B_CD8_5D_CITE,ACGAGCGGAA,CTTAGTTGTT,R24_U,R24U_Hu_2B_CD8_5D_CITE
1,R24U_Hu_2B_CD8_5D_Gex,R24U_Hu_2B_CD8_5D_Gex,TGCAATGTTC,TTCGACAAGC,R24_U,R24U_Hu_2B_CD8_5D_Gex
2,R24U_Hu_2B_CD8_5D_TCR,R24U_Hu_2B_CD8_5D_TCR,CGTCCACCTG,GTCATGAATG,R24_U,R24U_Hu_2B_CD8_5D_TCR
1,R24U_Hu_3_NKB_10D_CITE,R24U_Hu_3_NKB_10D_CITE,CCATTGTAAG,TCAATTCGTA,R24_U,R24U_Hu_3_NKB_10D_CITE
1,R24U_Hu_3_NKB_10D_Gex,R24U_Hu_3_NKB_10D_Gex,TTAATACGCG,ACCCGAGGTG,R24_U,R24U_Hu_3_NKB_10D_Gex
2,R24U_Hu_4_MYE_10D_CITE,R24U_Hu_4_MYE_10D_CITE,TAGTAGTTTG,CGCCCGATGA,R24_U,R24U_Hu_4_MYE_10D_CITE
1,R24U_Hu_4_MYE_10D_Gex,R24U_Hu_4_MYE_10D_Gex,CCTTCTAGAG,TCGTTGTATT,R24_U,R24U_Hu_4_MYE_10D_Gex
2,R24U_Hu_5_CD4_5D_CITE,R24U_Hu_5_CD4_5D_CITE,GATGGAAGGT,TGCTCAATTT,R24_U,R24U_Hu_5_CD4_5D_CITE
2,R24U_Hu_5_CD4_5D_Gex,R24U_Hu_5_CD4_5D_Gex,GCAGTATAGG,GTGCACGGAA,R24_U,R24U_Hu_5_CD4_5D_Gex
2,R24U_Hu_5_CD4_5D_TCR,R24U_Hu_5_CD4_5D_TCR,AAGATTGGAT,AAATCCCGCT,R24_U,R24U_Hu_5_CD4_5D_TCR
2,R24U_Hu_6A_CD8_5D_CITE,R24U_Hu_6A_CD8_5D_CITE,ACAGGTTACG,CTGTTTATCT,R24_U,R24U_Hu_6A_CD8_5D_CITE
2,R24U_Hu_6A_CD8_5D_Gex,R24U_Hu_6A_CD8_5D_Gex,TGGTTCGGGT,CTCCTGCCAC,R24_U,R24U_Hu_6A_CD8_5D_Gex
2,R24U_Hu_6A_CD8_5D_TCR,R24U_Hu_6A_CD8_5D_TCR,AAGGGCCGCA,GAGGAATCAG,R24_U,R24U_Hu_6A_CD8_5D_TCR
2,R24U_Hu_6B_CD8_5D_CITE,R24U_Hu_6B_CD8_5D_CITE,AGTAGTTTGG,TGCATGCTAT,R24_U,R24U_Hu_6B_CD8_5D_CITE
2,R24U_Hu_6B_CD8_5D_Gex,R24U_Hu_6B_CD8_5D_Gex,CCCAGCTTCT,GTTTGGTGTC,R24_U,R24U_Hu_6B_CD8_5D_Gex
2,R24U_Hu_6B_CD8_5D_TCR,R24U_Hu_6B_CD8_5D_TCR,GAGAGGATAT,CCCATTTCAA,R24_U,R24U_Hu_6B_CD8_5D_TCR
2,R24V_Hu_1_CD4_5D_CITE,R24V_Hu_1_CD4_5D_CITE,TCGCCATTTG,ACATGCCCGT,R24_V,R24V_Hu_1_CD4_5D_CITE
2,R24V_Hu_1_CD4_5D_Gex,R24V_Hu_1_CD4_5D_Gex,CCTGTCAGGG,GTTACGGGCT,R24_V,R24V_Hu_1_CD4_5D_Gex
1,R24V_Hu_1_CD4_5D_TCR,R24V_Hu_1_CD4_5D_TCR,CCCACCACAA,AAGCGGAGGT,R24_V,R24V_Hu_1_CD4_5D_TCR
2,R24V_Hu_1_CD4_5D_TCR,R24V_Hu_1_CD4_5D_TCR,CCCACCACAA,AAGCGGAGGT,R24_V,R24V_Hu_1_CD4_5D_TCR
2,R24V_Hu_2A_CD8_5D_CITE,R24V_Hu_2A_CD8_5D_CITE,AAGGGTTTAC,CGCGTGAGTA,R24_V,R24V_Hu_2A_CD8_5D_CITE
3,R24V_Hu_2A_CD8_5D_Gex,R24V_Hu_2A_CD8_5D_Gex,CGCTGAAATC,GCAGACACCT,R24_V,R24V_Hu_2A_CD8_5D_Gex
3,R24V_Hu_2A_CD8_5D_TCR,R24V_Hu_2A_CD8_5D_TCR,CGGCTGGATG,GTGCTTATCA,R24_V,R24V_Hu_2A_CD8_5D_TCR
4,R24V_Hu_2A_CD8_5D_TCR,R24V_Hu_2A_CD8_5D_TCR,CGGCTGGATG,GTGCTTATCA,R24_V,R24V_Hu_2A_CD8_5D_TCR
3,R24V_Hu_2B_CD8_4D_CITE,R24V_Hu_2B_CD8_4D_CITE,GCTTAAGCAA,TTCGGTAGGC,R24_V,R24V_Hu_2B_CD8_4D_CITE
3,R24V_Hu_2B_CD8_4D_Gex,R24V_Hu_2B_CD8_4D_Gex,TGGTCCCAAG,ACGCCAGAGG,R24_V,R24V_Hu_2B_CD8_4D_Gex
4,R24V_Hu_2B_CD8_4D_TCR,R24V_Hu_2B_CD8_4D_TCR,TTGCCCGTGC,AATCTCACGC,R24_V,R24V_Hu_2B_CD8_4D_TCR
3,R24V_Hu_3_NKB_10D_CITE,R24V_Hu_3_NKB_10D_CITE,GTGATCTGGG,GCGACACAGT,R24_V,R24V_Hu_3_NKB_10D_CITE
3,R24V_Hu_3_NKB_10D_Gex,R24V_Hu_3_NKB_10D_Gex,ATGCGAATGG,CGACACTTGT,R24_V,R24V_Hu_3_NKB_10D_Gex
3,R24V_Hu_4_MYE_10D_CITE,R24V_Hu_4_MYE_10D_CITE,ATGCAAGATC,TCAGAGGCGT,R24_V,R24V_Hu_4_MYE_10D_CITE
3,R24V_Hu_4_MYE_10D_Gex,R24V_Hu_4_MYE_10D_Gex,CGAATATTCG,TTGCTTCCAG,R24_V,R24V_Hu_4_MYE_10D_Gex
3,R24V_Hu_5_CD4_5D_CITE,R24V_Hu_5_CD4_5D_CITE,TCAAAGGGTT,CTCAGTAATC,R24_V,R24V_Hu_5_CD4_5D_CITE
3,R24V_Hu_5_CD4_5D_Gex,R24V_Hu_5_CD4_5D_Gex,GAATTGGTTA,CTACTAGAGT,R24_V,R24V_Hu_5_CD4_5D_Gex
4,R24V_Hu_5_CD4_5D_TCR,R24V_Hu_5_CD4_5D_TCR,AATGTATCCA,TAAGCTCATT,R24_V,R24V_Hu_5_CD4_5D_TCR
4,R24V_Hu_6A_CD8_5D_CITE,R24V_Hu_6A_CD8_5D_CITE,TCAAGTAAAG,AACAGCACTG,R24_V,R24V_Hu_6A_CD8_5D_CITE
4,R24V_Hu_6A_CD8_5D_Gex,R24V_Hu_6A_CD8_5D_Gex,TTATTCGAGG,AGCAGGACAG,R24_V,R24V_Hu_6A_CD8_5D_Gex
4,R24V_Hu_6A_CD8_5D_TCR,R24V_Hu_6A_CD8_5D_TCR,CTCCTTTAGA,GAGCTATGTC,R24_V,R24V_Hu_6A_CD8_5D_TCR
4,R24V_Hu_6B_CD8_5D_CITE,R24V_Hu_6B_CD8_5D_CITE,GCTGCTCCCA,GACCCTGTAG,R24_V,R24V_Hu_6B_CD8_5D_CITE
4,R24V_Hu_6B_CD8_5D_Gex,R24V_Hu_6B_CD8_5D_Gex,ATGGAGGGAG,AATGGGTTAT,R24_V,R24V_Hu_6B_CD8_5D_Gex
4,R24V_Hu_6B_CD8_5D_TCR,R24V_Hu_6B_CD8_5D_TCR,GTCCCATCAA,GTCACGTTCG,R24_V,R24V_Hu_6B_CD8_5D_TCR
4,R24W_Hu_1_CD4_5D_Gex,R24W_Hu_1_CD4_5D_Gex,GTTTCACGAT,TTTGGCCGAA,R24_W,R24W_Hu_1_CD4_5D_Gex
4,R24W_Hu_2A_CD8_5D_Gex,R24W_Hu_2A_CD8_5D_Gex,TAAGCAACTG,TTGAGTATAG,R24_W,R24W_Hu_2A_CD8_5D_Gex
4,R24W_Hu_2B_CD8_4D_Gex,R24W_Hu_2B_CD8_4D_Gex,CCGGAGGAAG,AACATCCGCA,R24_W,R24W_Hu_2B_CD8_4D_Gex