[Header],,,,,
IEMFileVersion,5,,,,
Experiment_Name,NV051,,,,
Date,44349,,,,
Workflow,GenerateFASTQ,,,,
Application,NovaSeq_FASTQ_Only,,,,
Assay,Custom,,,,
Description,,,,,
Chemistry,Default,,,,
,,,,,
[Reads],,,,,
100,,,,,
100,,,,,
[Settings],,,,,
,,,,,
,,,,,
[Data],,,,,
Lane,Sample_ID,Sample_Name,index,index2,Sample_Project
1,R24H_Hu_1_CD4_5D_TCR,R24H_Hu_1_CD4_5D_TCR,GAGCAAGGGC,ATTGACTTGG,R24_H
1,R24H_Hu_2A_CD8_5D_TCR,R24H_Hu_2A_CD8_5D_TCR,TGTCCCAACG,TCGATGTCCA,R24_H
1,R24H_Hu_3_NKB_10D_Gex,R24H_Hu_3_NKB_10D_Gex,CCTATCCTCG,GAATACTAAC,R24_H
1,R24H_Hu_4_MYE_10D_Gex,R24H_Hu_4_MYE_10D_Gex,ACCTCGAGCT,TGTGTTCGAT,R24_H
1,R24H_Hu_5_CD4_5D_Gex,R24H_Hu_5_CD4_5D_Gex,ATAAGGATAC,ATAGATAGGG,R24_H
1,Mtb20K_Hu_CITE,Mtb20K_Hu_CITE,TTCGCTTAAC,CCGCTCGTTA,Mtb20K
1,Mtb20K_Hu_Gex,Mtb20K_Hu_Gex,TCGGCTCTAC,CCGATGGTCT,Mtb20K
1,SiBr03_Mo_CITE,SiBr03_Mo_CITE,AGACGACCGA,CCACAGAACA,SiBr03
1,Mtb20K_Hu_TCR,Mtb20K_Hu_TCR,CAATCCCGAC,CCGAGTAGTA,Mtb20K
1,R24G_Hu_1_CD4_5D_TCR,R24G_Hu_1_CD4_5D_TCR,ATGGAGGGAG,ATAACCCATT,R24_G
2,R24H_Hu_6A_CD8_5D_Gex,R24H_Hu_6A_CD8_5D_Gex,AGAACTTAGA,CGAGTCCTTT,R24_H
2,R24H_Hu_6B_CD8_4D_Gex,R24H_Hu_6B_CD8_4D_Gex,TTATCTAGGG,AAAGGCTCTA,R24_H
2,SiBr03_Mo_Gex,SiBr03_Mo_Gex,AATGCCATGA,TACGTAATGC,SiBr03
2,ToRi02_Hu_Gex,ToRi02_Hu_Gex,GCCTTCGGTA,CCAACGATTT,ToRi02
2,ToRi02_Hu_TCR,ToRi02_Hu_TCR,AGAATGGTTT,GAGGGTGGGA,ToRi02
2,R24G_Hu_1_CD4_5D_Gex,R24G_Hu_1_CD4_5D_Gex,GTTTCACGAT,TTCGGCCAAA,R24_G
2,SiBr03_Mo_TCR,SiBr03_Mo_TCR,ATGGCTTGTG,GAATGTTGTG,SiBr03
2,ToRi02_Hu_CITE,ToRi02_Hu_CITE,AGTGGAGGGA,TGCATAGTTT,ToRi02
2,R24H_Hu_5_CD4_5D_TCR,R24H_Hu_5_CD4_5D_TCR,TCCGGGACAA,GTGAATGCCA,R24_H
3,R24G_Hu_2A_CD8_5D_Gex,R24G_Hu_2A_CD8_5D_Gex,TAAGCAACTG,CTATACTCAA,R24_G
3,R24G_Hu_2B_CD8_5D_Gex,R24G_Hu_2B_CD8_5D_Gex,CCGGAGGAAG,TGCGGATGTT,R24_G
3,R24G_Hu_3_NKB_10D_Gex,R24G_Hu_3_NKB_10D_Gex,ACTTTACGTG,TGAACGCCCT,R24_G
3,R24G_Hu_4_MYE_10D_Gex,R24G_Hu_4_MYE_10D_Gex,GATAACCTGC,CATTAGAAAC,R24_G
3,R24G_Hu_5_CD4_5D_Gex,R24G_Hu_5_CD4_5D_Gex,CTTGCATAAA,ATCAGGGCTT,R24_G
3,R24G_Hu_5_CD4_5D_CITE,R24G_Hu_5_CD4_5D_CITE,TTCGCTTAAC,CCGCTCGTTA,R24_G
3,R24G_Hu_6A_CD8_5D_CITE,R24G_Hu_6A_CD8_5D_CITE,AGACGACCGA,CCACAGAACA,R24_G
3,R24G_Hu_6B_CD8_4D_CITE,R24G_Hu_6B_CD8_4D_CITE,AGTGGAGGGA,TGCATAGTTT,R24_G
3,R24G_Hu_2A_CD8_5D_TCR,R24G_Hu_2A_CD8_5D_TCR,ACCAGACAAC,AGGAACTAGG,R24_G
3,R24G_Hu_2B_CD8_5D_TCR,R24G_Hu_2B_CD8_5D_TCR,AACCACGCAT,ATTCAGGTTA,R24_G
3,R24G_Hu_5_CD4_5D_TCR,R24G_Hu_5_CD4_5D_TCR,CGCGGTAGGT,CAGGATGTTG,R24_G
3,R24G_Hu_6A_CD8_5D_Gex,R24G_Hu_6A_CD8_5D_Gex,ACAATGTGAA,CGTACCGTTA,R24_G
3,R24G_Hu_6A_CD8_5D_TCR,R24G_Hu_6A_CD8_5D_TCR,TTGAGAGTCA,AACCTGGTAG,R24_G
4,R24G_Hu_6B_CD8_4D_Gex,R24G_Hu_6B_CD8_4D_Gex,TAGCATAGTG,CGGCTCTGTC,R24_G
4,R24G_Hu_6B_CD8_4D_TCR,R24G_Hu_6B_CD8_4D_TCR,GTCCTTCGGC,TCATGCACAG,R24_G
4,R24G_Hu_1_CD4_5D_CITE,R24G_Hu_1_CD4_5D_CITE,GCTGGGATGC,GACTAACTGG,R24_G
4,R24G_Hu_2A_CD8_5D_CITE,R24G_Hu_2A_CD8_5D_CITE,CCGTCGCTGA,AGGTGTTAGT,R24_G
4,R24G_Hu_2B_CD8_5D_CITE,R24G_Hu_2B_CD8_5D_CITE,AAGTTAGTAC,ACGCGGAATA,R24_G
4,R24G_Hu_3_NKB_10D_CITE,R24G_Hu_3_NKB_10D_CITE,GACTCAGGGT,GAGACCCTTC,R24_G
4,R24G_Hu_4_MYE_10D_CITE,R24G_Hu_4_MYE_10D_CITE,TGCACAAGCG,TGATGTTTGC,R24_G
4,R24H_Hu_1_CD4_5D_Gex,R24H_Hu_1_CD4_5D_Gex,CCCGTTCTCG,GACGGATTGG,R24_H
4,R24H_Hu_2A_CD8_5D_Gex,R24H_Hu_2A_CD8_5D_Gex,AGTTTCCTGG,TGCCACACAG,R24_H
4,R24H_Hu_2B_CD8_5D_Gex,R24H_Hu_2B_CD8_5D_Gex,AGCAAGAAGC,TTGTGTTTCT,R24_H
4,R24H_Hu_2B_CD8_5D_TCR,R24H_Hu_2B_CD8_5D_TCR,CACAATCCCA,ATATCCACAA,R24_H
4,R24H_Hu_6A_CD8_5D_TCR,R24H_Hu_6A_CD8_5D_TCR,CGTCCACCTG,CATTCATGAC,R24_H
4,R24H_Hu_6B_CD8_4D_TCR,R24H_Hu_6B_CD8_4D_TCR,AAGATTGGAT,AGCGGGATTT,R24_H
4,R24H_Hu_1_CD4_5D_CITE,R24H_Hu_1_CD4_5D_CITE,AGTATCTGCA,TCGCTAGCGA,R24_H
4,R24H_Hu_2A_CD8_5D_CITE,R24H_Hu_2A_CD8_5D_CITE,TCTATGAGTG,CAACCAACGA,R24_H
4,R24H_Hu_2B_CD8_5D_CITE,R24H_Hu_2B_CD8_5D_CITE,TTATTGACAC,GCGAACTGAT,R24_H
4,R24H_Hu_3_NKB_10D_CITE,R24H_Hu_3_NKB_10D_CITE,GAACAACCTT,GAACTGGTAC,R24_H
4,R24H_Hu_4_MYE_10D_CITE,R24H_Hu_4_MYE_10D_CITE,TCTCGAATGT,ACGATCGCGA,R24_H
4,R24H_Hu_5_CD4_5D_CITE,R24H_Hu_5_CD4_5D_CITE,TTTGCTGGGT,CAAATTCCGG,R24_H
4,R24H_Hu_6A_CD8_5D_CITE,R24H_Hu_6A_CD8_5D_CITE,TCCGAATAAA,ATGCTACCGC,R24_H
4,R24H_Hu_6B_CD8_4D_CITE,R24H_Hu_6B_CD8_4D_CITE,GTTTGAAAGT,GTACGCCATG,R24_H